<?xml version="1.0" encoding="UTF-8"?>
<course>

	<setup>
		<lesson>PSAS350 - Chapter Three</lesson>
		<length/>
		<instructor>Demo</instructor>
		<slideImgFormat /> <!-- default to png if not specified -->
	</setup>
			
	<!-- instructor or lesson information -->
	<profile>
		<![CDATA[<p>Oh, hello! Hey! Hi! This is a demo of the Storyboard Player (SBP). Lorem ipsum dolor sit amet, consectetur adipiscing elit. Integer ut purus augue.</p>]]>
	</profile>
	
	<!-- topic list -->
	<topic src="image:slide01" title="Image only">
		<quiz />
		<note>
			<![CDATA[<h1>Demoing Storybook Plus. (Headline 1)</h1><p>Lorem <strong>ipsum</strong> dolor sit <em>amet</em>, consectetur <strong><em>adipiscing</em></strong> elit. Etiam nisi felis, gravida imperdiet eleifend nec, hendrerit non sapien. <a href="#">Vestibulum</a> quis tortor purus. Morbi sagittis placerat enim adipiscing tempor. Aenean vestibulum ornare elit, sed ultrices urna iaculis a.</p><h2>Headline 2</h2><p>Lorem ipsum dolor sit amet, consectetur adipiscing elit. Etiam nisi felis, gravida imperdiet eleifend nec, hendrerit non sapien. Vestibulum quis tortor purus. Morbi sagittis placerat enim adipiscing tempor. Aenean vestibulum ornare elit, sed ultrices urna iaculis a.</p><h3>Headline 3</h3><p>Lorem ipsum dolor sit amet, consectetur adipiscing elit. Etiam nisi felis, gravida imperdiet eleifend nec, hendrerit non sapien. Vestibulum quis tortor purus. Morbi sagittis placerat enim adipiscing tempor. Aenean vestibulum ornare elit, sed ultrices urna iaculis a.</p>]]>
		</note>
	</topic>
	
	<topic src="video:manOfSteel" title="Video (from webstreamer)">
		<quiz />
		<note>
			<![CDATA[<p>This slide contain a video.</p>]]>
		</note>
	</topic>
	
	<topic src="quiz" title="QUIZ: Fill-in-the-blank">
		<quiz type="fib" question="_____ enables the operating system to automatically detect newly installed hardware." choice="" answer="PnP|Plug and Play" />
		<note>
			<![CDATA[<p>This is a fill-in-blank question.</p>]]>
		</note>
	</topic>
	
	<topic src="swf:animations" title="Flash animation">
		<quiz />
		<note>
			<![CDATA[<p>This slide contains a Flash animation.</p>]]>
		</note>
	</topic>
	
	<topic src="quiz" title="QUIZ: Short answer">
		<quiz type="sa" question="Describe Garfield." choice="" answer="You are on the right path if you mention cat and cute in your answer." />
		<note>
			<![CDATA[<p>This is a short answer question.</p>]]>
		</note>
	</topic>
	
	<topic src="image-audio:slide04" title="Image and audio">
		<quiz />
		<note>
			<![CDATA[<p>This slide contains an image and a audio.</p>]]>
		</note>
	</topic>
	
	<topic src="quiz" title="QUIZ: True or False">
		<quiz type="t/f" question="It is wise to stay home on snow day." choice="" answer="true" />
		<note>
			<![CDATA[<p>This is a true or false question.</p>]]>
		</note>
	</topic>
	
	<topic src="swf:interactive" title="Interactive Flash piece">
		<quiz />
		<note>
			<![CDATA[<p>This slide contains a Flash interactive object.</p>]]>
		</note>
	</topic>

	<topic src="youtube:UaWN7gObv-c" title="Embedded YouTube Video">
		<quiz />
		<note>
			<![CDATA[<p>This slide contains an embedded YouTube video. <a href="https://www.youtube.com/embed/UaWN7gObv-c?autoplay=1&rel=0" target="_blank">YouTube video</a></p>]]>
		</note>
	</topic>
	
	<topic src="image:slide10" title="Image only with link">
		<quiz />
		<note>
			<![CDATA[<p>Another definition from <a href="http://en.wiktionary.org/wiki/discrete_variable" target="_blank">http://en.wiktionary.org/wiki/discrete_variable</a></p>]]>
		</note>
	</topic>
	
	<topic src="quiz" title="QUIZ: Multiple choice">
		<quiz type="mc" question="What enables the operating system to automatically detect newly installed hardware?" choice="ReadyBoost|PnP|Hyper-V|AutoConnect" answer="PnP" />
		<note>
			<![CDATA[<p>This is a multiple choice question.</p>]]>
		</note>
	</topic>
	
	<topic src="image:slide08" title="A really really really long long long title which cannot fit into one line">
		<quiz />
		<note>
			<![CDATA[<p>This slide have a very long title.</p>]]>
		</note>
	</topic>
		
	<topic src="quiz" title="QUIZ: True or False">
		<quiz type="t/f" question="Dinosaur makes a good pet." choice="" answer="false" />
		<note>
			<![CDATA[<p>This is a true or false question.</p>]]>
		</note>
	</topic>
	
	<!--
		- use "tf" in the type attribute for true or false question
		- use "mc" for multiple choice question
		- use "sa" for fill in the blank or short answer question
	-->
				
</course>